image_id,image_path,caption_1,caption_2,caption_3,caption_4,caption_5
img_00000,/app/MCC225/Semana7/data/processed/images/imagen_00000.jpg,A black dog is running after a white dog in the snow .,Black dog chasing brown dog through snow,Two dogs chase each other across the snowy ground .,Two dogs play together in the snow .,Two dogs running through a low lying body of water .
img_00001,/app/MCC225/Semana7/data/processed/images/imagen_00001.jpg,A little baby plays croquet .,A little girl plays croquet next to a truck .,The child is playing croquette by the truck .,The kid is in front of a car with a put and a ball .,The little boy is playing with a croquet hammer and ball beside the car .
img_00002,/app/MCC225/Semana7/data/processed/images/imagen_00002.jpg,A brown dog in the snow has something hot pink in its mouth .,A brown dog in the snow holding a pink hat .,A brown dog is holding a pink shirt in the snow .,A dog is carrying something pink in its mouth while walking through the snow .,A dog with something pink in its mouth is looking forward .
img_00003,/app/MCC225/Semana7/data/processed/images/imagen_00003.jpg,A brown dog is running along a beach .,A brown dog wearing a black collar running across the beach .,A dog walks on the sand near the water .,Brown dog running on the beach .,The large brown dog is running on the beach by the ocean .
img_00004,/app/MCC225/Semana7/data/processed/images/imagen_00004.jpg,A black and white dog with a red Frisbee standing on a sandy beach .,A dog drops a red disc on a beach .,A dog with a red Frisbee flying in the air .,Dog catching a red Frisbee .,The black dog is dropping a red disc on a beach .
img_00005,/app/MCC225/Semana7/data/processed/images/imagen_00005.jpg,A cyclist wearing a red helmet is riding on the pavement .,A girl is riding a bike on the street while wearing a red helmet .,"A person on a bike wearing a red helmet , riding down a street .",A woman wears a red helmet and blue shirt as she goes for a bike ride in the shade .,Person in blue shirt and red helmet riding bike down the road
img_00006,/app/MCC225/Semana7/data/processed/images/imagen_00006.jpg,A man dressed in a purple shirt and red bandanna smiles at the people watching him .,A man on the street wearing leather chaps and a chainmail codpiece .,A man wearing a purple shirt and black leather chaps poses for the camera .,Man dressed in leather chaps and purple shirt stands in front of onlookers,"There is a man in a purple shirt , leather chaps and a red bandanna , standing near other men ."
img_00007,/app/MCC225/Semana7/data/processed/images/imagen_00007.jpg,A boy wearing a red t-shirt is running through woodland .,A child runs near some trees .,A young boy is dancing around .,A young boy with a red short sleeved shirt and jeans runs by some trees .,The little boy in the red shirt stops to smile for the camera .
img_00008,/app/MCC225/Semana7/data/processed/images/imagen_00008.jpg,A girl in a white dress .,A little girl in white is looking back at the camera while carrying a water grenade .,A smiling young girl in braids is playing ball .,A young girl wearing white looks at the camera as she plays .,The girl is holding a green ball .
img_00009,/app/MCC225/Semana7/data/processed/images/imagen_00009.jpg,A skier in a yellow jacket is airborne above the mountains .,A skier jumps high in the air with a view of the mountains .,A skiing man in a fluorescent jacket jumps very high and it looks as though he is flying .,Somone is high in the air doing a ski jump .,The skier in the green jacket and white pants appears to almost fly into the sky .
img_00010,/app/MCC225/Semana7/data/processed/images/imagen_00010.jpg,A photographer looks over the hills .,A woman in a red jacket is videotaping a natural landscape .,A woman with a camera looks out over rolling hills .,A woman with a camera on a tripod is looking at the view .,Lady in red shirt has her camera set up in the field to record something .
img_00011,/app/MCC225/Semana7/data/processed/images/imagen_00011.jpg,A bunch of girls in cheerleader outfits .,a large group of cheerleaders walking in a parade,Cheerleaders perform .,"many cheerleaders wearing black , walk down the street .","Parade of cheerleaders wearing black , pink and white uniforms ."
img_00012,/app/MCC225/Semana7/data/processed/images/imagen_00012.jpg,A blue boat with a yellow canopy is floating on calm waters .,A boat in the water .,A boat with a roof on green water .,The boat is in the middle of the water .,The solitude boat floats on the lake .
img_00013,/app/MCC225/Semana7/data/processed/images/imagen_00013.jpg,A dog catches a Frisbee in midair .,A dog catching a Frisbee .,A terrier mix catches a Frisbee in the air .,A white and black dog catching a Frisbee .,A white dog is leaping in the air with a green object in its mouth .
img_00014,/app/MCC225/Semana7/data/processed/images/imagen_00014.jpg,A little old lady sitting next to an advertisement .,An Asian woman waiting at an underground train stop .,An old woman sits in a transit station next to a backlit advertisement .,A woman sits in a subway station .,"A woman with an umbrella is sitting at a station , with an Aquos commercial on the wall ."
img_00015,/app/MCC225/Semana7/data/processed/images/imagen_00015.jpg,A blond girl wearing a green jacket walks on a trail along side a metal fence .,A girl in a green coat walks down a rural road playing a flute,A young girl in a parka playing a flute while walking by a fenced in field .,Girl in green and blue jacket walking past an enclosed field .,Girl playing flute as she walks by fence in rural area .
img_00016,/app/MCC225/Semana7/data/processed/images/imagen_00016.jpg,"A family of nine people , including four children , pose in front of a brick fireplace with a white mantle .",A family poses in front of the fireplace and Christmas tree .,A family posing by the mantle and christmas tree .,A happy family poses by the fireplace .,Two couples and four kids pose for a family picture .
img_00017,/app/MCC225/Semana7/data/processed/images/imagen_00017.jpg,Man in a sweater pointing at the camera .,One man is posing with arms outstretched and finger pointed while another stares from behind him .,The man in the black hat stands behind the man who is pointing his finger .,"Two men look toward the camera , while the one in front points his index finger .","Two men , one wearing a black hat while the one in front points , standing in a hallway ."
img_00018,/app/MCC225/Semana7/data/processed/images/imagen_00018.jpg,A dog looks warily at the brown dog investigating his area .,A large brown dog is looking at a medium sized black dog .,A small black dog looks at a larger brown dog in a grassy field .,The big brown dog looks at the small black dog in tall grass .,There is a big dog looking at a little dog .
img_00019,/app/MCC225/Semana7/data/processed/images/imagen_00019.jpg,three children in a field with white flowers,"Three children , one with a stuffed kitten , in a field of flowers .",three children play in the garden .,Three children pose among wildflowers .,Three kids palying with a toy cat in a garden .
img_00020,/app/MCC225/Semana7/data/processed/images/imagen_00020.jpg,"a boy in a red shirt , in front of a long blue wall , raises his eyebrow at the camera","A boy in a red shirt with stripes standing near a blue , brick wall with handicap signs .",An African American boy stands in front of a blue building in the handicapped space .,The boy in the orange shirt looks backwards .,The boy in the red shirt is next to a blue wall .
img_00021,/app/MCC225/Semana7/data/processed/images/imagen_00021.jpg,A brown dog is carrying a wet stick on the shore of the ocean .,A dog bounds across the sandy beach with a stick in his mouth and water splashing off his paws .,"A wet , blond dog carries a stick on the shore .",The dog is running along the beach next to the ocean with a stick in its mouth .,"The wet , brown dog has a stick in his mouth and is running in the sand next to the water ."
img_00022,/app/MCC225/Semana7/data/processed/images/imagen_00022.jpg,Two dogs are racing on a ractrack .,two dogs race across the track .,Two greyhounds race,Two greyhounds with muzzles race along the inside curb of a railed dirt track .,Two racing dogs run around a track .
img_00023,/app/MCC225/Semana7/data/processed/images/imagen_00023.jpg,A baseball pitcher with Shelton on his shirt throws the ball .,"A baseball player in a black and orange shirt , and with a glove on , pitches the ball .",A male dressed in a sports outfit tries to catch a baseball .,A man playing baseball .,The baseball player is running after the ball .
img_00024,/app/MCC225/Semana7/data/processed/images/imagen_00024.jpg,A brown dog wades through water and walks toward a rock .,A dog has waded through shallow water to reach a rock outcropping .,A light brown dog is splashing in the water with its paw .,A small brown dog is about ready to exit the water after a swim .,A yellow dog in shallow water .
img_00025,/app/MCC225/Semana7/data/processed/images/imagen_00025.jpg,A group of 5 girls in school uniforms are standing together and waiting to cross the street while one girl takes a picture .,A group of people are standing together outside as one takes a photograph .,A group of school girls are standing together while one is taking pictures .,A group of young women stand together .,Girls in school uniforms .
img_00026,/app/MCC225/Semana7/data/processed/images/imagen_00026.jpg,A boy wearing a jean jacket with his hand on his chest smiling at the camera .,a boy with a bruised nose and writing on his hands is standing in a video rental store .,A boy with writing on his hand is standing in a store .,A young man in a jean jacket smiles for the camera inside a store .,A young man with a denim jacket and writing on his hand smiles in front of a bookcase full of videos .
img_00027,/app/MCC225/Semana7/data/processed/images/imagen_00027.jpg,A group of people in front of a house .,"A man in stripes , a woman in sunglasses , and a child in a blue hat in front of a brick building .",A woman in sunglasses and a blue flowered shirt stands while a boy and a man sit nearby .,A woman wearing sunglasses and a flowered shirt looks to the left .,"Three adults and one child are waiting outside of a building , perhaps a school ."
img_00028,/app/MCC225/Semana7/data/processed/images/imagen_00028.jpg,A woman stands in front of a display case and another woman looks at a digital camera,A woman stands tall in front of a glass display while another woman takes a picture of something .,A woman stands with her arms out at her sides while another takes a picture .,A woman stands with her arms out in a store while another woman holds a camera .,One woman is taking a picture and another woman is standing sideways with her arm out .
img_00029,/app/MCC225/Semana7/data/processed/images/imagen_00029.jpg,A snowboarder jumps high into the air off of a snowy ramp .,A snowboarder jumps off a ramp .,Man on a snowboard performing a trick high in the air .,Person in a purple coat making a jump on a snowboard .,Snowboarder jumps off high ramp over icy landscape .
img_00030,/app/MCC225/Semana7/data/processed/images/imagen_00030.jpg,A group of mountain climbers,A group of people walking in a line through the snow toward a mountain .,A line of people are making their way through snow covered mountains .,People are walking through a snow covered field with a mountain the background .,People facing mountains in the snow .
img_00031,/app/MCC225/Semana7/data/processed/images/imagen_00031.jpg,A black and white dog is jumping through a black and white hoop .,A black and white dog jumps through a black and white hoop .,A brown and white dog jumping through a black and white hoop .,A dog jumping through a black and white hoop .,A dog jumping through a ring .
img_00032,/app/MCC225/Semana7/data/processed/images/imagen_00032.jpg,"A girl using a laptop , another girl , and a boy looking at his cellphone .",A group of people sit against a building and use electronics .,Three people sit near a street .,Three people sitting in front of a store on a bench .,Three young people sit outside and engage with electronic devices .
img_00033,/app/MCC225/Semana7/data/processed/images/imagen_00033.jpg,A dog races while wearing number 6 .,A greyhound wearing a muzzle and the number six on a yellow jacket is running on a dog track .,a muzzle greyhound dog running on a track,A tan greyhound wearing a gold shirt with a number on it runs down a track .,muxzzled greyhound leaping in race with yellow jacket .
img_00034,/app/MCC225/Semana7/data/processed/images/imagen_00034.jpg,A group of people stand at the edge of a cliff over the ocean .,A group of three boy scouts rest on a bluff overlooking the ocean .,Three men stand on a cliff overlooking a lake .,Three scouts are on top of a cliff overlooking the ocean .,Two men are sitting on a rock near the ocean with another man standing nearby .
img_00035,/app/MCC225/Semana7/data/processed/images/imagen_00035.jpg,A couple holding hands and another woman are walking down a wooded trail .,A couple holding hands and a woman standing beside them pose on a tree lined dirt road .,Three friends on a stroll in the forest .,Three people stand on a path through the woods .,Two women and a man posing on a rural path
img_00036,/app/MCC225/Semana7/data/processed/images/imagen_00036.jpg,A car sponsored by Riwal is smoking its tires on a wet road .,A race car drives along a track in the rain,A racing car is driving around a wet track with its headlights on .,A small race car with advertising is driving on a rainy track .,A sponsored race car is driving with lights on a wet raceway .
img_00037,/app/MCC225/Semana7/data/processed/images/imagen_00037.jpg,A bearded man wearing a bandanna is pointing his finger whilst riding a bicycle .,A man bicycles down the street and points his finger,A man holds an object with his hand while riding his bike down the street .,A man with long hair riding a bicycle gives the peace sign .,Man in blue shirt and black cap riding bike down street flashing peace sign
img_00038,/app/MCC225/Semana7/data/processed/images/imagen_00038.jpg,A crowd of people waving red flags are passing under a bridge .,A group of people walk down the street carrying red flags .,"A large group of people walking down a street , some carrying flags or banners .",Many people walking together on pavement near a brick building with other people looking on .,many people walk in the street .
img_00039,/app/MCC225/Semana7/data/processed/images/imagen_00039.jpg,A man in sunglasses gets ready to pull a chair out to sit down for his meal .,A man wearing sunglasses stands by a table at a cafe .,Man about to pull out chair and sit down at a restaurant .,Man at eatery getting ready to sit down .,The large man grabs a seat at a restaurant .
img_00040,/app/MCC225/Semana7/data/processed/images/imagen_00040.jpg,A boy holding a racket is standing in the grass .,A boy in a purple shirt and blue jeans is standing in the grass holding a round toy with a handle .,A boy playes with a stringless racket in his backyard .,a boy walks through the lawn .,A child in purple clothing is playing with a toy inside a yard with other toys and a fence .
img_00041,/app/MCC225/Semana7/data/processed/images/imagen_00041.jpg,Two blond girls are playing together .,Two girls enjoy themselves whilst wind blows through their hair .,Two girls with long hair jumping on a trampoline .,Two little blonde girls twirl their hair .,Two little girls are playing on a trampoline .
img_00042,/app/MCC225/Semana7/data/processed/images/imagen_00042.jpg,Four bicyclists ride along a dirt road between two wire fences .,Four cyclists on a country trail are passing by an electricity pylon .,The four bicyclists are riding through the desert .,three bikers bike across the dry land .,Three cyclists ride near mountain .
img_00043,/app/MCC225/Semana7/data/processed/images/imagen_00043.jpg,A dog climbing a steep dirt hill .,A dog climbs a hill .,a great Dane climbing a steep hill,A light brown dog is running up .,A light dog climbing a wall of dirt .
img_00044,/app/MCC225/Semana7/data/processed/images/imagen_00044.jpg,A child spins on a merry-go-round .,Childern are playing on a merry go round as adults on a bench watch them .,Children play on a merry-go-round as adults look on from a bench .,Fathers watch as their children enjoy the spinning merry-go-round .,Two kids sit in the middle of a playground toy that spins around them .
img_00045,/app/MCC225/Semana7/data/processed/images/imagen_00045.jpg,a brown dog is jumping up at a woman who is wearing a brown skirt .,A golden retriever is excitedly greeting a woman as a little dog walks towards the camera .,A tan dog jumping up at a woman in a skirt and a black and tan dog walking away .,A yellow dog jumps to greet a woman .,One dog is jumping at the lady while the other walks away .
img_00046,/app/MCC225/Semana7/data/processed/images/imagen_00046.jpg,A man in the dooorway of a bus looking onward .,"A man standing at the door of a vehicle , with another sitting , glancing out the window .",People ride a bus or trolley .,some people riding an old bus,Three passengers on a train car .
img_00047,/app/MCC225/Semana7/data/processed/images/imagen_00047.jpg,A little girl is peaking out from behind a tree .,A little girl peering out from behind a tree .,A young girl hiding behind a tree in a forest .,A young girl peeking out from behind a tree in a wooded area .,A young girl wearing a striped dress peeks out from behind a tree .
img_00048,/app/MCC225/Semana7/data/processed/images/imagen_00048.jpg,A group of people hold drinks and point at the camera .,A group of people are holding up drinks and pointing to the camera .,A group of young people holding bottles and pointing at the camera .,several young people posing for this photo holding beers,Young adults stand pointing at the person taking the picture .
img_00049,/app/MCC225/Semana7/data/processed/images/imagen_00049.jpg,A border collie jumps over a bed with a tennis ball in its mouth .,A dog jumping with a ball in its mouth .,A dog jumps on a bed and catches a green toy .,Border collie jumps in the air and catches a tennis ball .,The black and white dog jumps with a tennis ball in its mouth .
img_00050,/app/MCC225/Semana7/data/processed/images/imagen_00050.jpg,A climber walks along a snowy peak .,A man climbs over snow covered rocks by a shore .,A man is standing on a snowcapped mountain .,A person hikes down a snowy mountain .,There man on top of an snow covered mountain with a lake behind him .
img_00051,/app/MCC225/Semana7/data/processed/images/imagen_00051.jpg,A white dog chasing a black dog across the grass .,A white dog is following a black dog through the grassy area .,"There are two dogs , black and white , and the black one is jumping .","Two dogs running in a grassy , fenced in area surrounded by trees .",Two dogs running through a yard with a forest in the distance .
img_00052,/app/MCC225/Semana7/data/processed/images/imagen_00052.jpg,A black race car spins its tires while smoke comes out .,A black race car starts up in front of a crowd of people .,A broken down car during a race,Race car smoking very badly on the racetrack .,Red Bull-branded race car leaves smoke behind it in front of a crowd .
img_00053,/app/MCC225/Semana7/data/processed/images/imagen_00053.jpg,A person behind some bags inside an igloo .,a snowy cave full of luggage,"Inside the igloo , the young man gets ready for his overnight stay .",Some backpacks piled up in an ice cave with a person dressed in black in the background .,There is something visible through the hole in the wall .
img_00054,/app/MCC225/Semana7/data/processed/images/imagen_00054.jpg,A brown dog drinks from a body of water .,A brown dog is starting to walk into water .,A brown dog steps into murky water .,A dog getting into some water .,A dog putting his legs into a pond
img_00055,/app/MCC225/Semana7/data/processed/images/imagen_00055.jpg,A man wearing a black hat is walking through a busy city street .,A silhouette of a man in a hat on a busy city street .,Person with black hat and black coat near buildings with signs .,Three people in a crowded city area .,Thre is a shot of man with his back turned in a city .
img_00056,/app/MCC225/Semana7/data/processed/images/imagen_00056.jpg,A brown dog chases something a man behind him threw on the beach .,A man and a dog on the beach .,A man is interacting with a dog that is running in the opposite direction .,A man playing fetch with his dog on a beach .,A man walking behind a running dog on the beach .
img_00057,/app/MCC225/Semana7/data/processed/images/imagen_00057.jpg,A woman taking a photo standing next to a tall man and in front of another man who is also taking a photo .,Three people are outdoors taking pictures .,Three people holding cameras are standing on a dirt trail with grass on the side of it .,Three people taking pictures with their cameras,Two people are taking pictures while a third is holding a camera .
img_00058,/app/MCC225/Semana7/data/processed/images/imagen_00058.jpg,A man is skiing down a mountain with another large mountain behind him and a river between the mountains .,A man is skiing down a snowy hill with a large mountain in the background .,A man skiing down a snow covered mountain .,A person skis down a snowy mountain .,A skier goes down a hill with a mountain as a backdrop .
img_00059,/app/MCC225/Semana7/data/processed/images/imagen_00059.jpg,A boy climbing a rock face,A climber is standing on the rock face next to the pink rope .,A man climbing a cliff with a rope .,A man climbs steep rocks .,A man rock climbing in the forest surrounded by light .
img_00060,/app/MCC225/Semana7/data/processed/images/imagen_00060.jpg,A brown dog is standing in a lake .,A brown dog is swimming in a creek .,A dog swimming in a pond,Dog swimming in body of water,The brown dog is swimming in the water .
img_00061,/app/MCC225/Semana7/data/processed/images/imagen_00061.jpg,A dog plays with a toy in the grass .,A rotweiler playfully rolls over int he grass with a toy .,Black and tan dog playing with a toy and rolling on the grass .,Dog chewing up ball while rolling in grass,The dog is resting after a game of fetch .
img_00062,/app/MCC225/Semana7/data/processed/images/imagen_00062.jpg,A elderly man in a straw hat is sitting on a bench .,a elderly man sits alone on a park bench .,An old man in a straw hat sits on a park bench .,The old man in the brown hat is sitting on the bench .,White haired man in gray sweater and a straw hat sitting on a bench under a tree .
img_00063,/app/MCC225/Semana7/data/processed/images/imagen_00063.jpg,"A dark-haired man in a red t-shirt , with a beard , playing the guitar in a park .",A man in a red shirt plays guitar in a park .,A man is sitting and playing guitar on the grass .,"a man sitting in the grass , playing his guitar , wearing a red shirt",a man wearing red plays his guitar on the grass .
img_00064,/app/MCC225/Semana7/data/processed/images/imagen_00064.jpg,Two black dogs are jumping and playing with a yellow tennis ball in the snow .,Two dog play in the snow .,"Two dogs , one with a tennis ball in his mouth , play together in the snow .",Two dogs playing with a ball in the snow .,Two dogs play with a tennis ball in the snow .
img_00065,/app/MCC225/Semana7/data/processed/images/imagen_00065.jpg,An attractive woman holds a halo above her head .,A woman in a dress raises her arm over her head .,A woman is looking at the ceiling while taking off her hat .,"A woman looking up towards a wide ring , she is holding over her head , a drink in her other hand .",A woman looking upward with her hand above her head .
img_00066,/app/MCC225/Semana7/data/processed/images/imagen_00066.jpg,An elderly person with a white hat is reading a paperback book .,An elder woman in a hat and scarf is looking through a book she has in her hands .,An older woman wearing a hat reads a book .,An old lady consulting a paperback book .,A woman in a white hat reading a book .
img_00067,/app/MCC225/Semana7/data/processed/images/imagen_00067.jpg,A looker on catches a motocross bike on its side after a spill while another races by .,A man on a dirt bike zipping away while another one slips to the ground and a third man in a yellow jacket looks on .,A man on a motorcycle making a tight turn,A person is riding their motorbike and a person in a bright yellow jacket is watching someone fall off their bike .,Bike rider is looking at a accident of other sports bike rider .
img_00068,/app/MCC225/Semana7/data/processed/images/imagen_00068.jpg,The men are climbing .,Two men are lying in red cots on the side of a mountain .,Two men are sleeping on makeshift beds on the side of a cliff .,Two men in cots hanging from a cliff,Two mountain climbers are smiling on the mountainside .
img_00069,/app/MCC225/Semana7/data/processed/images/imagen_00069.jpg,A skateboarder jumps off his skateboard in midair in hopes of landing back on it .,A teenage boy is performing a trick with his skateboard .,A young man is flipping a skateboard during a trick .,a young skateboarder doing tricks in the air,The man is performing a trick on a skateboard near onlookers .
img_00070,/app/MCC225/Semana7/data/processed/images/imagen_00070.jpg,A dark colored man is holding a protest banner in a busy city street with people staring from behind .,A man in a blue and yellow jacket holding a religious sign stands in a street with people behind him on the sidewalk .,A man is holding a religious poster .,A man wearing a hat holding a sign with writing on it .,Man standing on the street holding a sign
img_00071,/app/MCC225/Semana7/data/processed/images/imagen_00071.jpg,A man is wearing a blue shirt with the word Mambo on it .,"A man is wearing a shirt that reads , "" Mambo "" with an image of a baby and a teddy bear .",A man wears a t-shirt showing a baby humping a stuffed bear .,A person wearing a blue mambo shirt has his back to the camera .,The man is wearing a blue shirt .
img_00072,/app/MCC225/Semana7/data/processed/images/imagen_00072.jpg,A man in black shirt sits on a stool while trying to sell stuffed animals .,A man is outside selling various toys .,A vendor sells children 's toys as visitors walk by .,A vendor sells inflatable toys and stuffed animals on the sidewalk .,Man sits on stool beside toys .
img_00073,/app/MCC225/Semana7/data/processed/images/imagen_00073.jpg,A guy in navy blue and yellow shorts jumping into a pool .,A man catches a football in midair while jumping into a pool .,A man in swim trunks is jumping into a pool while in a strange pose,Antics in a covered pool .,People are diving into a swimming pool .
img_00074,/app/MCC225/Semana7/data/processed/images/imagen_00074.jpg,A boy jumps from the top of a blue plastic slide .,A child jumps over the slide portion of playground equipment shaded by trees .,A little boy in a striped shirt jumps from a blue slide .,A little boy is jumping off the top of a slide .,A young boy jumps on a slide in a backyard .
img_00075,/app/MCC225/Semana7/data/processed/images/imagen_00075.jpg,A man is playing with a fire baton in the day light .,A man juggling fire .,A man stands near a playground .,Man throws flames outside .,The guy is holding a black stick in front of a playground .
img_00076,/app/MCC225/Semana7/data/processed/images/imagen_00076.jpg,A brown dog playing with bubbles .,A brown dog walking across a lawn as bubbles float by .,A dark brown dog is looking at bubbles while walking on green grass .,Dog catching bubbles on the grass .,The brown dog is chasing and popping bubbles .
img_00077,/app/MCC225/Semana7/data/processed/images/imagen_00077.jpg,A guy with a scarf and woven toboggan .,A man in black and white cap and scarf .,A man wearing a scarf and knitted hat is smiling .,A person wearing a hat and scarf looks to the right .,The man has a poof on top of his woolen hat .
img_00078,/app/MCC225/Semana7/data/processed/images/imagen_00078.jpg,A boy sitting down smiling for the picture .,A child holding some shoes .,A child in blue and wearing a hat smiles .,A young boy smiling and holding sandals .,The boy is wearing a hat and holding sandals .
img_00079,/app/MCC225/Semana7/data/processed/images/imagen_00079.jpg,A black dog and a woman in a red shirt playing tug of war .,A dog is pulling on one end of a rope and a girl is pulling on the other .,A woman plays tug-of-war with her black dog in a brown landscape surrounded by trees .,A woman plays with her rottweiler dog outside .,A woman and a dog playing outside
img_00080,/app/MCC225/Semana7/data/processed/images/imagen_00080.jpg,A group of people surf on a very large wave .,a group of surfers catching a wave,People surfing and attempting to surf in the ocean on a big wave .,Several people are surfing on a wave in the sea .,Surfers on a huge ocean wave at sunset .
img_00081,/app/MCC225/Semana7/data/processed/images/imagen_00081.jpg,A man rides a bike on a dirt path .,A person biking through the woods .,A person dirtbikes along a muddy trail .,Dirt bike rider riding down the slope .,Person rides a dirt bike down a dirt hill .
img_00082,/app/MCC225/Semana7/data/processed/images/imagen_00082.jpg,There are two women crossing the street in front of two buses .,Two women in headwraps are hurrying past buses .,Two women walk in front of a bus to cross the road .,Two women walk on the street in front of two buses .,Two women with their heads covered crossing the road in front of buses .
img_00083,/app/MCC225/Semana7/data/processed/images/imagen_00083.jpg,A group of people walk down a city street at night .,A group of people walking down the street with one on the phone in a green hat .,"Four people are walking along a city sidewalk , while the one in the green hat talks on a cellphone .",Four people are walking on a sidewalk .,four people walk down a sidewalk at night
img_00084,/app/MCC225/Semana7/data/processed/images/imagen_00084.jpg,A skateboarder is jumping almost as high as a building .,A snowboarder jumping off a tall brick building .,a snowboarder jumps over a pile of snow .,Snowboarder jumps off rail over snowpile .,The snowboarder is doing a stunt high in the air at night .
img_00085,/app/MCC225/Semana7/data/processed/images/imagen_00085.jpg,A man in a red soccer uniform getting ready to kick the ball .,A man in a red uniform plays in a soccer game .,A man in a red uniform runs towards a soccer ball on a field .,"A player in a red uniform gets ready to kick the ball during a soccer match , as the crowd watches .",A soccer player in red uniform runs after a soccer ball .
img_00086,/app/MCC225/Semana7/data/processed/images/imagen_00086.jpg,A boy cheerleader has a girl cheerleader on his knee .,A female cheerleader sits on the knee of a male cheerleader .,cheerleaders taking a break,The cheerleader in red and white is sitting on the knee of a man also wearing red and white .,Two cheerleaders are sitting at a football game .
img_00087,/app/MCC225/Semana7/data/processed/images/imagen_00087.jpg,A driver is at the wheel of a race car .,A man inside a red race car gives a thumbs up sign .,A man is in a red race car while another man is at the back of it .,A man is smiling whilst sitting inside a red racing car .,A race car driver smiles and gives the thumbs up before a race .
img_00088,/app/MCC225/Semana7/data/processed/images/imagen_00088.jpg,A girl wearing white polka dots and black boots walks and a woman in a blue outfit hurridly walks behind her .,A hip young woman down the street with a woman in a kimono walks behind her .,A woman in boots with a big purse walks down the street followed by a woman in blue .,a woman walks with her big purse .,Women walk down the street .
img_00089,/app/MCC225/Semana7/data/processed/images/imagen_00089.jpg,A man and woman walk away from the camera as a redheaded man walks in the other direction .,"Pedestrians walk on a sidewalk next to a grassy , wooded field .",People are walking around a park area .,People meandering around in a grassy area with trees .,Young adults dressed casually walk around in a field .
img_00090,/app/MCC225/Semana7/data/processed/images/imagen_00090.jpg,A blonde woman in blue shorts walks on the beach carrying her shoes .,A woman in blue shorts is carrying her shoes whilst walking on the beach next to the ocean .,Blond woman with blue shorts walks along beach carrying shoes in one hand .,Woman carrying her shoes on a beach .,Woman in blue shorts walking barefoot on the beach
img_00091,/app/MCC225/Semana7/data/processed/images/imagen_00091.jpg,A cute puppy fetches a yellow ring chew toy in the yard .,A puppy is running across the grass with a yellow toy in its mouth .,A tan dog is running through the grass with a yellow toy in its mouth .,A tan dog with a red collar runs with a yellow toy in its mouth .,Fluffy golden puppy holding yellow rings in mouth while running through grass
img_00092,/app/MCC225/Semana7/data/processed/images/imagen_00092.jpg,a boy in blue shirt splashing in water under a dock,A laughing girl holding a bucket splashes in the ocean,A young girl plays under a pier with a blue bucket .,Girls with a blue bucket is playing and splashing in the ocean water .,The girl with the blue bucket splashes beneath the pier .
img_00093,/app/MCC225/Semana7/data/processed/images/imagen_00093.jpg,A little girl dances in a room with balloons on the floor .,A young girl dancing in her socks on a wooden floor strewn with pink balloons .,"Child with pink strings on head dancing surrounded by confetti , balloons .",Little Girl in brown shirt and bluejean skirt dances on wood floor .,The blond girl is dancing inside a house .
img_00094,/app/MCC225/Semana7/data/processed/images/imagen_00094.jpg,A lady and her little girl are holding hands and walking up the sidewalk .,A mother and child run hand in hand through Chinatown in an American City .,a woman and a child both wearing red outfits walking up a street,Child in red holding the hand of person in red coat walking on sidewalk under awnings .,woman and little girl wearing red in Asian area
img_00095,/app/MCC225/Semana7/data/processed/images/imagen_00095.jpg,a boy in a blue shirt is walking along a tan and blue wall,A boy in stripes walking along a ledge .,a boy scales the wall .,A child in a striped shirt is walking along a wall .,Boy in striped t-shirt walking along a ledge .
img_00096,/app/MCC225/Semana7/data/processed/images/imagen_00096.jpg,A tent is being set up on the ice .,Two men are about to enter an ice fishing tent on a snow covered lake .,two men setting up a blue ice fishing hut on an iced over lake,"Two men , standing on an ice , looking into something covered with a blue tarp .",Two people standing outside a blue tent structure on a snowy surface .
img_00097,/app/MCC225/Semana7/data/processed/images/imagen_00097.jpg,A few girls with green foam statue of liberty hats on a train,Some young adults are wearing green foam statute of liberty crowns .,Some young people take photos of each other while in New York .,Three woman with statue of liberty hats and taking a picture .,Two woman wearing statue of liberty hats get their picture taken in a subway .
img_00098,/app/MCC225/Semana7/data/processed/images/imagen_00098.jpg,Two brown dogs are playing with a red ball .,Two brown dogs fight over a red ball while playing in the grass .,Two brown dogs run over the grass carrying a red toy .,Two daschunds play with a red ball,Two little wiener dogs are running on the grass carrying a red ball between them .
img_00099,/app/MCC225/Semana7/data/processed/images/imagen_00099.jpg,A boy baseball player in a green and yellow jersey leaps for the ball .,A boy chasing a baseball .,A little boy playing baseball goes for the ball on the ground .,A young boy dives to catch the ball during a baseball game .,The boy in the green and yellow shirt has a glove on and is going towards the ball .
img_00100,/app/MCC225/Semana7/data/processed/images/imagen_00100.jpg,A group of climbers begin up a sheer rock face .,A group of rock climbers climb a rock wall in a forest .,Many people are climbing the mountain surrounded by pretty green trees .,People at a distance trying to climb a cliff .,"The flat side of a large , rocky mountain ."
img_00101,/app/MCC225/Semana7/data/processed/images/imagen_00101.jpg,A child sits in a plastic toy car .,A little kid in a toy car .,Small girl riding in play car .,There is a child in a red and yellow toy car .,The small child is sitting in a red and yellow toy car .
img_00102,/app/MCC225/Semana7/data/processed/images/imagen_00102.jpg,"two girls hold up a card reading "" know what this is "" ?",Two kids smiling and holding a card .,"Two people pose for a picure holding a card that says "" know what this is ? """,Two people smile at the camera while holding a sign .,Two teenage girls hold a card referring to periods as they smile .
img_00103,/app/MCC225/Semana7/data/processed/images/imagen_00103.jpg,"A dog runs holding a yellow dog toy in fall , bench in the background .",A dog runs with a yellow toy in its mouth .,a tan dog running through the grass with a toy in his mouth .,The brown dog is running through the grass with a yellow toy in its mouth .,The tan colored dog has a yellow toy in its mouth .
img_00104,/app/MCC225/Semana7/data/processed/images/imagen_00104.jpg,a blond girl in a pink bathing suit running through the sprinklers,A girl in pink runs through a sprinkler .,A girl runs through sprinklers on a lawn .,A little girl in pink in running through a sprinkler .,A little girl wearing a pink dress is running across the grass .
img_00105,/app/MCC225/Semana7/data/processed/images/imagen_00105.jpg,A child is sliding into a small pool .,A girl in a child 's swimming pool .,a little girl is sliding down a short slide into an inflatable paddling pool .,Girl splashing in kiddie pool,The dark-haired girl is sliding into a white kiddie pool .
img_00106,/app/MCC225/Semana7/data/processed/images/imagen_00106.jpg,A lone snowboarder wearing a white jacket jumping into the air on the snowy mountains .,A snowboarder flies through the air in front of leafless trees .,a snowboarder gets some air .,A snowboarder in green pants and a white jacket is jumping high in the air .,Someone in green pants is on a white snowboard in the air .
img_00107,/app/MCC225/Semana7/data/processed/images/imagen_00107.jpg,A boy being pulled on a shovel .,A happy child play in the scoop of a shovel by a chair in a grassy backyard .,A little boy in red flowered shorts is sitting on a shovel .,A little boy smiling and riding in a shovel .,Small boy in red shorts with blue flowers sitting on shovel in the grass near a tan chair .
img_00108,/app/MCC225/Semana7/data/processed/images/imagen_00108.jpg,A person is standing on a brick ledge taking a picture of something in the distance .,A woman takes a photograph .,A woman with long hair pointing her camera skyward as she stands on a brick wall .,The woman is holding a camera and standing on a brick wall .,Woman standing on a brick wall and taking a picture
img_00109,/app/MCC225/Semana7/data/processed/images/imagen_00109.jpg,A black dog and a brown dog with a yellow foam soccer ball toy on a grassy field,A brown dog and a black dog playing with a yellow soccer ball .,"Two dogs on a lawn play with a plastic toy , in a distorted photograph .","Two dogs , one brown one black with a yellow toy , black dog has mouth open and brown dog has the toy .",Two dogs run to catch a yellow soccer ball .
img_00110,/app/MCC225/Semana7/data/processed/images/imagen_00110.jpg,a little girl ends up at the bottom of the slide .,a little girl is just reaching the bottom of a playground slide,A little girl lands at the bottom of a slide .,A young girl reaches the bottom of a slide .,a young girl sliding down a tan plastic slide
img_00111,/app/MCC225/Semana7/data/processed/images/imagen_00111.jpg,A man dressed in a green jacket is playing piano while a woman sings .,"A man is sitting in front of a harpsichord , and a woman is preparing to sing .",A person playing the piano with a singer nearby .,A pianist and a singer are ready to perform .,The man in the green jacket is playing the piano next to a woman who is by a music stand .
img_00112,/app/MCC225/Semana7/data/processed/images/imagen_00112.jpg,A big black dog bares its teeth while running through the snow .,A black dog is running through the snow .,A black dog is running through the snow .,A black dog with his mouth open and tongue out runs across an expanse of snow .,Black dog runs through snow .
img_00113,/app/MCC225/Semana7/data/processed/images/imagen_00113.jpg,A curly haired woman plays the violin .,A red haired woman is holding a violin and boe .,A woman is playing a violin while surrounded by transparent walls and pictures .,A woman playing the violin with posters in the background .,The woman is holding a violin .
img_00114,/app/MCC225/Semana7/data/processed/images/imagen_00114.jpg,An elderly woman is wearing a pink striped shirt .,an older woman in a pink striped shirt,An older woman with a striped shirt rubbing her chin .,"A woman in a pink striped shirt , with her hand up .",Older lady is appears to be getting ready to cover her mouth .
img_00115,/app/MCC225/Semana7/data/processed/images/imagen_00115.jpg,a boy carries a teenager on his back .,A boy struggles to carry a girl on his back .,A person wearing a black shirt is getting a piggy-back ride from a person wearing a black t-shirt walkng on a paved path in the woods .,A teenage boy gives another teenage boy a piggy back ride in a forest .,The boy is carrying the other boy .
img_00116,/app/MCC225/Semana7/data/processed/images/imagen_00116.jpg,a man wears a red bandanna,A man with a head covering .,"An man wearing an Arab scarf , with another man in the background .",A white man in a turban .,Man with facial hair wearing red and white Palestinian style headscarf .
img_00117,/app/MCC225/Semana7/data/processed/images/imagen_00117.jpg,A grey bird stands majestically on a beach while waves roll in .,A large bird stands in the water on the beach .,A tall bird is standing on the sand beside the ocean .,A water bird standing at the ocean 's edge .,A white crane stands tall as it looks out upon the ocean .
img_00118,/app/MCC225/Semana7/data/processed/images/imagen_00118.jpg,A boy hanging onto a pole .,A kid in a green shirt playing in the park,A little kid swings on a pole at a playground .,The boy in the green shirt swings with one arm on the silver pole .,The boy is swinging on a pole at the beach .
img_00119,/app/MCC225/Semana7/data/processed/images/imagen_00119.jpg,a girl wearing pink bounces on a bed,A little girl in a pink leotard is jumping and landing in a straddle split on a blue bed .,A young girl jumping with her mouth open .,Little girl in a pink Hello Kitty shirt is jumping .,The girl in pink does a midair leg splits .
img_00120,/app/MCC225/Semana7/data/processed/images/imagen_00120.jpg,A boy takes a jump on his skateboard while another boy with a skateboard watches .,A child is performing a skateboard trick while another child with a skateboard leans on a wall .,A little boy skateboarder is doing a trick on his board while another young skateboarder watches .,a young boy skateboarder jumping on a platform on a skateboard .,Two skateboarders .
img_00121,/app/MCC225/Semana7/data/processed/images/imagen_00121.jpg,A black and white bird eating seeds out of someone 's hand,A black and white bird standing on a hand .,A small bird sits in a person 's hand and eats seeds .,Black and white bird standing on hand of someone holding sunflower seeds,The small bird is clinging to a finger of the hand holding the seeds .
img_00122,/app/MCC225/Semana7/data/processed/images/imagen_00122.jpg,A guy tries to climb a stone cliff while his friend helps him .,A man in a red shirt climbs a rock while another man stands behind to help him .,A man in a red shirt is learning how to climb a cliff .,A man in brown is helping a man in red climb a rock .,A man wearing a brown sweatshirt helps a man in red climb a rock .
img_00123,/app/MCC225/Semana7/data/processed/images/imagen_00123.jpg,A bicycle rider flies over a hill while a competitor is not far behind .,A dirt bike racer jumping off a hill with another racer not far behind .,A motocross rider is slightly airborne on a competition circuit jump .,A person is riding a dirt bike in a race on a dirt track .,Dirtbike rider jumps over a hill of a racetrack .
img_00124,/app/MCC225/Semana7/data/processed/images/imagen_00124.jpg,A crowd is standing and cheering at a football game .,A crowd of people watching a football game with a player wearing red and cheerleaders also wearing red .,A football player is grabbing the ankle of another player who is holding the ball .,An Oklahoma football player is about to score .,The fans at a football game cheer while the player runs towards the endzone .
img_00125,/app/MCC225/Semana7/data/processed/images/imagen_00125.jpg,An athlete performs the high jump .,A woman athlete launching herself over the bar during a pole vault .,A woman is black is pole vaulting .,A woman pole vaulter upside down as she attempts the vault .,a woman with her feet in the air about to do pole vaulting
img_00126,/app/MCC225/Semana7/data/processed/images/imagen_00126.jpg,a lone skier jumping on the side of a snowy mountain .,a skier jumps over a gap .,A skier doing a flip while jumping .,The skier does a flip .,The skier does a high flip over snow in the mountains .
img_00127,/app/MCC225/Semana7/data/processed/images/imagen_00127.jpg,A black and brown dog is jumping on blocks of concrete in the water .,A black dog carefully crosses over some water .,Black dog looking at his reflection in the water .,Black dog near a dock looks into murky water,the black dog jumps on a cinderblock .
img_00128,/app/MCC225/Semana7/data/processed/images/imagen_00128.jpg,a black dog has caught a bird in its mouth .,A black dog in tall grass with a bird in its mouth .,A black dog standing in a field is holding a bird in his mouth .,"Black retriever stands in the grass , holding a bird in its mouth .",The black dog in the field has something in its mouth .
img_00129,/app/MCC225/Semana7/data/processed/images/imagen_00129.jpg,A little girl in pajamas runs down a hall with hardwood floors .,A little girl is running down a hardwood floored hallway .,A little girl running down a brighly lit hallway .,A toddler is running down a hallway .,A young girl runs down a hallway with wooden floors .
img_00130,/app/MCC225/Semana7/data/processed/images/imagen_00130.jpg,A bunch of children sitting in chairs and standing on wooden floors .,"A group of children sit , stand , and kneel along a wall .",A group of children sitting on folding chairs and playing .,a young group of children sitting in a row against the wall .,The kids talking while sitting on a row of chairs along the wall .
img_00131,/app/MCC225/Semana7/data/processed/images/imagen_00131.jpg,A dog in a snowy area .,A spotted dog catching a ball on a snowy field .,A white and brown spotted dog runs along the snow to catch a ball .,A white dog is running fast on a trail covered by snow .,The brown and white dog is playing in the snow .
img_00132,/app/MCC225/Semana7/data/processed/images/imagen_00132.jpg,A bunch on people are seated in a stadium .,A crowded stadium is full of people watching an event .,A crowd of people fill up a packed stadium .,A crowd sitting in an indoor stadium .,A stadium full of people watch a game .
img_00133,/app/MCC225/Semana7/data/processed/images/imagen_00133.jpg,A black dog running with a stuffed bird in its mouth and another dog chasing it .,A brown dig and black dog are playing with a stuffed toy .,A brown dog with a toy duck in its mouth runs through snow while a black dog chases it,Dog running with pet toy being chased by another dog .,The brown dog is being chased by a black dog while holding a small toy in his mouth .
img_00134,/app/MCC225/Semana7/data/processed/images/imagen_00134.jpg,A man skis while wearing a parachute .,A parachute skier lifting off from the ground .,"A person attached to a parasail and wearing equipment on his feet is suspended in midair over a snowy landscape , while silhouetted against a sunny , blue sky .",A person gliding on a parachute in the air .,"They are gliding through the air , backed by a low sun ."
img_00135,/app/MCC225/Semana7/data/processed/images/imagen_00135.jpg,A man skateboarding on the side of steps,A man slides down a railing while another shines a light on him .,A person taking a picture of someone skating down a railing at night .,A skateboarder slides down a stair rail in the dark .,a young man sliiding down a railing near some stairs
img_00136,/app/MCC225/Semana7/data/processed/images/imagen_00136.jpg,A group of four children wearing pajamas have a pillow fight .,A group of kids have a pillow-fight .,A group of young children playing pillow fight on a bed .,Children having a pillow fight .,Four children are having a pillow fight .
img_00137,/app/MCC225/Semana7/data/processed/images/imagen_00137.jpg,"A large , white bird skates across the top of some water .",A white bird with a long neck flying low over the water,The large white bird grazes the water .,White bird in water preparing to fly .,White bird starting to take flight from a lake .
img_00138,/app/MCC225/Semana7/data/processed/images/imagen_00138.jpg,A brown a dog and a black dog in the edge of the ocean with a wave under them boats are on the water in the background .,"Two dogs , one brown and the other black , play in the surf in the shallow ocean water .",Two dogs playing in the waves .,two dogs play in the water .,Two dogs stand back to back in the ocean .
img_00139,/app/MCC225/Semana7/data/processed/images/imagen_00139.jpg,A black man in white shorts and a white man in black shorts boxing .,Black and white man boxing .,Two boxers are fighting .,Two men box .,Two men boxing in a match .
img_00140,/app/MCC225/Semana7/data/processed/images/imagen_00140.jpg,A woman holding a baby and making faces at it .,A woman holding a baby up and making a funny face,A woman makes faces at a small child .,The man wearing glasses holds a baby wearing blue .,the woman is making faces at the baby that she is holding .
img_00141,/app/MCC225/Semana7/data/processed/images/imagen_00141.jpg,The dogs are behind the fence .,Three dogs are behind a rusty fence as one barks .,Two dogs are in a fence and one is barking .,Two dogs are looking through a rusty wire fence .,two dogs bark behind a fence .
img_00142,/app/MCC225/Semana7/data/processed/images/imagen_00142.jpg,A little girl holds the water hose for the dog to drink from .,A little girl is holding up a yellow water hose and water is pouring out and the big brown dog is drinking the water .,"A young girl holds a running water hose , from which a brown dog next to her is drinking .",the dog is drinking the water being squirted from the hose by the little girl .,The little girl is holding a yellow hose for a brown dog .
img_00143,/app/MCC225/Semana7/data/processed/images/imagen_00143.jpg,A boy and girl in swimwear and arm floaters,"a little boy and a little girl wearing water wings are running on a path beside a black fence ,",A little boy and girl in their swimsuits wearing arm floats .,The boy and girl are playing with arm floats on .,Young boy and girl running with water wings on
img_00144,/app/MCC225/Semana7/data/processed/images/imagen_00144.jpg,A black dog is running very fast on a light brown ground .,A dog runs outside .,Black dog running fast on a field,Black dog running very fast .,Black dog running with his tongue out .
img_00145,/app/MCC225/Semana7/data/processed/images/imagen_00145.jpg,Lacrosse players struggling for control of the ball .,"Lone red team player breaks through two black team players , to hit the ball",Men play field hockey .,Men play some type of sport on the field with what looks like hockey sticks .,Three guys are going for the ball in a field hockey game .
img_00146,/app/MCC225/Semana7/data/processed/images/imagen_00146.jpg,"A man in all black is using a green bike to trick over a sign saying , "" Free Dinner "" .",A man is jumping on a green bicycle over a sign that says ' free dinner ' .,A man jumping a sign on his bike .,"A man on a bicycle is jumping over a sign that says "" free dinner "" .",boy on bike jumping over a sign
img_00147,/app/MCC225/Semana7/data/processed/images/imagen_00147.jpg,A kid doing a trick on a skateboard .,A man jumps off of his skateboard on the top of a cement ramp .,a skateboarder jumps .,Person doing a trick on a skateboard in a skate park while people watch .,The skateboarder prepares to wipeout .
img_00148,/app/MCC225/Semana7/data/processed/images/imagen_00148.jpg,A girl and guy holding signs and hugging .,A man and a woman hugging .,A man holding a sign and a blonde woman are embracing outdoors .,A man in green holding a sign hugs a blond woman .,Man with sign hugging woman .
img_00149,/app/MCC225/Semana7/data/processed/images/imagen_00149.jpg,A boy dunks a basketball .,A boy dunks a basketball on a low hoop by the road .,A boy jumps up to make a basket in a basketball hoop .,"A boy with a basketball , leaping for the goal .",The teenage boy is dunking a basketball in a hoop .
img_00150,/app/MCC225/Semana7/data/processed/images/imagen_00150.jpg,A guy is grinding a rail over a tree on his snowboard .,A man snowboarding making a jump off a steel guardrail .,A snowboarder grinding up a homemade ramp .,a snowboarder is riding his board on ramp made from a piece of metal and a log .,The man is skateboarding over a log in the snow .
img_00151,/app/MCC225/Semana7/data/processed/images/imagen_00151.jpg,A big brown dog jumps into a swimming pool on the backyard .,A dog in mid-leap into a pool .,Brown dog jumping into the pool,The brown dog is jumping into the crystal-clear pool .,The large brown dog is jumping into a swimming pool .
img_00152,/app/MCC225/Semana7/data/processed/images/imagen_00152.jpg,a boy with his leg wrapped in blue tape,"A little boy with his leg covered in painters tape , his brother wearing a superman cape .",Boy with blue cast sits with a boy in an orange cape .,One boy has his leg wrapped in blue material and the other boy is wearing a red cape .,two kids playing super heroes
img_00153,/app/MCC225/Semana7/data/processed/images/imagen_00153.jpg,A person in an airplane .,A person sits inside a small plane on the ground .,a small jet takes off .,A small white plane with someone visible in the window is sitting on a runway .,"Small plane with spinning propeller on ground , pilot seen through windows ."
img_00154,/app/MCC225/Semana7/data/processed/images/imagen_00154.jpg,A dog goes headfirst into the long grass from the sand .,A dog is digging in the sand beneath some grass .,A light brown dog is poking his head into brush .,A tan dog digging a hole at the edge of the sand .,A yellow dog digs in the sand near grass .
img_00155,/app/MCC225/Semana7/data/processed/images/imagen_00155.jpg,A man and two women are inside a greenhouse holding gardening tools .,People tend a greenhouse with garden tools .,Three people in a green house .,Three young adults work in a greenhouse,Two women and a man smile at the camera with rakes in their hands standing in an unfinished greenhouse .
img_00156,/app/MCC225/Semana7/data/processed/images/imagen_00156.jpg,a boy with a fishing pole looking down on a lake,A little boy looks over the railing on the dock into the blue water .,A young boy in a red coat fishes off a pier and looks down at the water .,A young boy in a red jacket stands on a pier with a fishing pole and chair near him .,The boy wearing the red top is standing by a fishing rod looking over the jetty fence .
img_00157,/app/MCC225/Semana7/data/processed/images/imagen_00157.jpg,Four boys are in the living room talking .,Four boys are shown in a house playing and all wear t-shirts .,several young boys looking into a computer monitor,Three boys look at a laptop computer while a four talks on the phone .,three boys stand by a computer .
img_00158,/app/MCC225/Semana7/data/processed/images/imagen_00158.jpg,A mother sits with three children as they eat ice cream .,A woman and three kids sit on a dolly .,One adult sitting next to three young children eating ice cream on some steps .,The woman sat on the bench while the children ate ice cream .,Three children eat ice cream in a third world store while a woman stares into space .
img_00159,/app/MCC225/Semana7/data/processed/images/imagen_00159.jpg,There is a college player being tackled in a game .,The two football players in white jerseys and purple pants tackle the player in the red jersey .,Three football players are tackling a red uniformed football player during a football game .,Three football players in purple uniforms try to tackle a player in a red uniform .,Two football players try to tackle a player of the opposite team .
img_00160,/app/MCC225/Semana7/data/processed/images/imagen_00160.jpg,A football fan showing his devotion by painting his face .,A person with face paint is staring at something from within a crowd .,A sports fan is wearing face paint in the stands .,"NFL Fan with their face painted white , blue , and yellow .",The person with the face paint and football jersey is sitting in bleachers
img_00161,/app/MCC225/Semana7/data/processed/images/imagen_00161.jpg,A man walking 3 dalmatians along a sunny street .,A man walks a group of Dalmatians on the beach .,A man walks three white dogs with spots down a street with palm trees .,Man walking three dalmatians along a palm-tree lined street .,This man with three dogs takes his route along the tree-lined street .
img_00162,/app/MCC225/Semana7/data/processed/images/imagen_00162.jpg,People in white standing on sports field while crowd watches from stands,Three ball players in uniform stretch on a striped green surface in front of a large crowd and signage .,Three baseball players are on the field while a large crowd is watching,Three men stand on a sports field in front of a large crowd .,Three men wearing white uniforms stand on a grass field in front of a crowd .
img_00163,/app/MCC225/Semana7/data/processed/images/imagen_00163.jpg,A man in a hat is displaying pictures next to a skier in a blue hat .,A man skis past another man displaying paintings in the snow .,A person wearing skis looking at framed pictures set up in the snow .,A skier looks at framed pictures in the snow next to trees .,Man on skis looking at artwork for sale in the snow
img_00164,/app/MCC225/Semana7/data/processed/images/imagen_00164.jpg,Four guys playing soccer on the pavement .,Four people are playing soccer in a desolate field with a tree nearby .,Four people playing soccer at a distance .,Four people playing soccer on a brown surface .,four soccer players play on the pavement .
img_00165,/app/MCC225/Semana7/data/processed/images/imagen_00165.jpg,Children in red shirts play in the leaves .,Four boys in red are playing with fallen leaves .,Several children leaping into a pile of leaves on the ground .,Small children are playing in a pile of dead leaves .,Three kids jumping in leaves .
img_00166,/app/MCC225/Semana7/data/processed/images/imagen_00166.jpg,A man in a black jacket is taking a photo of a man in a red jacket .,A man in a black outfit is taking a photograph of a man in a red jacket .,A man takes a picture of another man in an open area just off of a busy street .,A young man taking a picture of another young man outdoors,Young man takes picture of another young man in front of church .
img_00167,/app/MCC225/Semana7/data/processed/images/imagen_00167.jpg,A white dog races a brown dog in a field of grass .,One brown and one white dog running through a field .,The brown and white dogs run through the field .,Two dogs are running side by side in the field .,Two dogs run through the brush .
img_00168,/app/MCC225/Semana7/data/processed/images/imagen_00168.jpg,a bicyclist jumping with his bike in midair,A cyclist is performing a jump whilst other cyclists stand by and watch .,A guy is doing a trick on a bike .,Someone on a bike is performing an aerial trick while other bikers watch .,The trick bicyclist gets airborne off the ramp .
img_00169,/app/MCC225/Semana7/data/processed/images/imagen_00169.jpg,A boy in yellow is riding a scooter on the street .,A boy on a scooter .,A boy wearing a helmet rides a scooter in a suburban neighborhood .,A child on a scooter is jumping the curb .,a young boy wearing an orange helmet riding a scooter
img_00170,/app/MCC225/Semana7/data/processed/images/imagen_00170.jpg,A boy is skating along a ledge in an indoor skate center .,A guy on Rollerblades is grinding on a rail in a skate park .,A rollerblader grinding down a narrow platform at an indoor skate park .,a roller-blader grinds a rail at an indoor skate park .,Young man with white helmet is rollerblading on a ledge
img_00171,/app/MCC225/Semana7/data/processed/images/imagen_00171.jpg,Children participate in a martial arts tournament .,Two boys do martial arts on a blue mat .,Two children in white outfits and red protective gear spar on a mat .,Two children wearing martial arts gear fight on a blue mat .,Two children with red helmets engage in martial arts sparring .
img_00172,/app/MCC225/Semana7/data/processed/images/imagen_00172.jpg,Two children and a black dog are playing out in the snow .,Two children and a dog play in the snow with a woods behind them .,Two children and a dog running around in snow .,two children and their dog play in the snow .,Two kids and a dog play in the snow .
img_00173,/app/MCC225/Semana7/data/processed/images/imagen_00173.jpg,A boy is grinding a skateboard down a concrete wall .,A guy on a skateboard about to do a trick,A kid in a white shirt and white hat and jeans skateboards down a ramp .,A rollerblader skates down a ramp with his arms in the air .,The skater throws his arms into the air as he skids down the concrete wall .
img_00174,/app/MCC225/Semana7/data/processed/images/imagen_00174.jpg,A bearded man wears a red bandanna and a leather jacket over a teeshirt with an American flag on it .,A man dressed in black leather with a red bandanna is smiling at the camera .,A man wearing a leather jacket .,a man wearing a red headband and a leather outfit standing outside .,"A man with a beard , red headband , and leather vest smiles ."
img_00175,/app/MCC225/Semana7/data/processed/images/imagen_00175.jpg,A dog chasing a ball indoors .,A small dog catches a tennis ball indoors .,A small dog chasing a ball .,The little white and brown dog has his mouth wide open while trying to catch something .,The small dog is baring his teeth and chasing an object .
img_00176,/app/MCC225/Semana7/data/processed/images/imagen_00176.jpg,A man is skating on a rail .,A person wearing Rollerblades slides along a handrail .,A rollerblader grinding a rail and grabbing one foot .,A rollerblader grinds across a rail .,Boy in black shirt on one foot standing on metal rail above green grass on right and black pavement on left .
img_00177,/app/MCC225/Semana7/data/processed/images/imagen_00177.jpg,A group of Indian men are just standing around with their arms crossed .,A group of men stand outside .,Four men from another country look at the camera .,Men wearing hats stand with arms folded .,Several men wearing ethnic hats are watching the photographer in an outdoor market .
img_00178,/app/MCC225/Semana7/data/processed/images/imagen_00178.jpg,A parachute caught on a tree with some people on the ground shining a light at it .,A person jumps up over the snow as their skis cross .,A skier in midair,A skier is doing a trick in the air at night .,A skier makes a jump with his skis crossed .
img_00179,/app/MCC225/Semana7/data/processed/images/imagen_00179.jpg,A boy on a red snowboard is airborne .,A man in a yellow coat jumps his snowboard off a rail .,A person in the air on a snowboard .,A snowboarder doing a jump off of a ledge .,A snowboarder rides his board off a graffiti covered wall at night .
img_00180,/app/MCC225/Semana7/data/processed/images/imagen_00180.jpg,A boy does a skateboard trick off a metal plank .,a guy with no shirt on is skateboarding .,A young man jumps in the air on a skateboard .,Skateboarder on a rail .,Skater does a trick on a rail .
img_00181,/app/MCC225/Semana7/data/processed/images/imagen_00181.jpg,A couple look at some artwork .,A couple stands near a piano and look up at a painting .,A couple viewing a large painting hung on a red wall .,a man and a woman are looking at a painting in a gallery .,The man and woman look at a painting of naked people .
img_00182,/app/MCC225/Semana7/data/processed/images/imagen_00182.jpg,A man and woman walking on the sand with water in the background .,A man carrying a baby walks next to a woman along the beach .,A woman and a man carrying a small child walking on a rocky beach .,Two individuals standing on a beach .,Two people stand on a beach and look to the right .
img_00183,/app/MCC225/Semana7/data/processed/images/imagen_00183.jpg,A group of Chinese teenage girls walking .,A group of dark-haired girls are walking together .,A group of dark haired young ladies in shorts walks past a bank of lockers .,four Asian girls are walking through a locker room .,Four dark-haired girls walk the hall toward a bank of lockers .
img_00184,/app/MCC225/Semana7/data/processed/images/imagen_00184.jpg,"a brown dog retrieves a ball on a green , slimy , rock covered beach",A dog is carrying a yellow rope across rocks covered in seaweed .,A dog running through water with a ball in its mouth,A dog walks through the water with an object in its mouth .,A very wet dog coming toward the camera through a mossy pond with a ball .
img_00185,/app/MCC225/Semana7/data/processed/images/imagen_00185.jpg,A lone hiker is sitting on a rock on a snowy mountain trail .,A man descends a snowy mountain .,A person is climbing a snowy mountain .,Someone hiking in the mountains .,The person is in the snowy mountains .
img_00186,/app/MCC225/Semana7/data/processed/images/imagen_00186.jpg,A dog in a grass field runs with a ball in its mouth .,A dog running across a field with a ball in its mouth .,A dog with a ball that is running in a field .,A little dog is bringing back a ball on an open grass field .,A long haired dog runs across a lawn with a yellow ball in its mouth .
img_00187,/app/MCC225/Semana7/data/processed/images/imagen_00187.jpg,A child in a grey jacket is running along a leafy path .,A young child runs down a gravel road covered with dead leaves .,A young child runs outside amidst fall leaves .,A young child walks among fallen leaves .,The child plays among the leaves in the autumn .
img_00188,/app/MCC225/Semana7/data/processed/images/imagen_00188.jpg,A child in red jumps on a red object while others laugh .,"A child touching a red plastic object , with a crowd behind him .",A girl in a crowd laughs and climbs on something .,Many children having fun outside near large buildings .,There is a girl in a red jacket smiling with her hand on a red blowup and a crowd behind her .
img_00189,/app/MCC225/Semana7/data/processed/images/imagen_00189.jpg,A boy in a hat stands barefoot at the edge of a body of water .,a boy wearing red plays in the creek .,A person in a red hat stand watches the onrushing waves .,A young boy makes a splash in the water near the rocks .,The boy in the red hat and shirt is wading in the shallows of the river .
img_00190,/app/MCC225/Semana7/data/processed/images/imagen_00190.jpg,Two bald drag queens in red dresses,Two bald ladies are wearing red dresses .,Two bald ladies in red dresses and matching jewelry laugh .,Two bald people in red clothes,"Two formally dressed , bald older women"
img_00191,/app/MCC225/Semana7/data/processed/images/imagen_00191.jpg,A brown dog is running on grass .,A brown dog running across the grass .,A brown dog running in a grass .,A brown dog runs through a field .,A dog bounds across the green grass .
img_00192,/app/MCC225/Semana7/data/processed/images/imagen_00192.jpg,A boy is jumping on skateboard in the middle of a red bridge .,a kid doing tricks on a skateboard on a bridge,A skateboarder is airborne on a bridge .,A skateboard jumps down a bridge .,The skateboarder in the white shirt jumped into the air .
img_00193,/app/MCC225/Semana7/data/processed/images/imagen_00193.jpg,Three dogs looking at a cement ledge .,Three dogs on a sidewalk .,Three small dogs sniff at somthing .,"Three small dogs , two white and one black and white , on a sidewalk .",Two white dogs look at one black dog on a paved walkway .
img_00194,/app/MCC225/Semana7/data/processed/images/imagen_00194.jpg,A motocross rider is on a dirt hill .,A person is riding a green motorcycle .,Biker with helmet riding a green dirt bike midair .,Green motorcycle moving fast down dirt path .,Motorcycle rider going over a bump .
img_00195,/app/MCC225/Semana7/data/processed/images/imagen_00195.jpg,A brown dog running through the water .,A wet dog is splashing through shallow water .,The wet brown dog is running in the water .,The white dog is running in the shallow water .,Wet blonde dog running through water
img_00196,/app/MCC225/Semana7/data/processed/images/imagen_00196.jpg,A furry dog is running through a doorway leading to plants .,"A furry , tan dog is outside on a patio .","A short , furry dog stands on a brick floor in front of a group of potted plants .",A very hairy dog is running down a hall .,Flowers are behind the fluffy dog that is coming up the step .
img_00197,/app/MCC225/Semana7/data/processed/images/imagen_00197.jpg,A little blonde toddler is wading in a baby pool .,A young boy in a pool,A young boy playing in a swimming pool,A young boy with blond hair is in a swimming pool .,The little boy is coming out of the water in a swimming pool .
img_00198,/app/MCC225/Semana7/data/processed/images/imagen_00198.jpg,A crowd watches as two formula one cars leave the starting line .,A crowd watches the start of a drag race at twilight .,A group of people watch a drag race at the beginning and see the fire from the cars .,People look at the flames coming from the cars at a drag race .,The drag racers take off the starting line .
img_00199,/app/MCC225/Semana7/data/processed/images/imagen_00199.jpg,A group of sled dogs in harness is standing together in the snow .,Four dogs playing in the snow .,Four snow dogs are pulled together in the snow .,"Pack of sled dogs in the snow , one barking .",Several dogs grouped together in a winter setting .
img_00200,/app/MCC225/Semana7/data/processed/images/imagen_00200.jpg,a brown dog retrieves a stick in a rocky river,A dog running through a creek .,A dog running with something in his mouth in shallow water .,A dog with a stick in its mouth runs through the rocks in shallow water .,A soaking wet dog is splashing through the water .
img_00201,/app/MCC225/Semana7/data/processed/images/imagen_00201.jpg,A brown and white dog runs across the grass .,A brown and white dog runs through the green grass .,A dog running on the grass .,A dog runs around in a field .,The white and brown dog is running through the grass .
img_00202,/app/MCC225/Semana7/data/processed/images/imagen_00202.jpg,A boy climbs an indoor rock climbing wall .,A boy climbs a rock wall .,A boy is climbing up a rock-climbing wall while an older boy stands on the ground,Boy rock climbing on a blue wall while an adult looks away .,Little boy climbing an indoor rock climbing wall .
img_00203,/app/MCC225/Semana7/data/processed/images/imagen_00203.jpg,A dirt biker in the desert .,A man does a jump in the desert on a motorcycle .,A man is doing a motocross jump into the air .,A man is riding his dirt bike through the air in the desert .,A motorcycle rider wearing black and silver does a wheelie on a sandy terrain .
img_00204,/app/MCC225/Semana7/data/processed/images/imagen_00204.jpg,A female toddler wearing a pink shirt is playing on a playground .,A little girl in pink and purple stands on a playground .,A very young girl is walking on a playground .,The little girl is playing at the playground .,Young child in pink top and purple pants clutching a turquoise guard rail .
img_00205,/app/MCC225/Semana7/data/processed/images/imagen_00205.jpg,A dog is running through the snow .,a thin white dog is running through snow .,A white dog with black markings runs through the snow .,A white dog with red ears is running in the snow .,A white dog with tan ears is running through the snow
img_00206,/app/MCC225/Semana7/data/processed/images/imagen_00206.jpg,a boy jumps into the pool .,An adult watches a child somersault into the pool while another child looks on .,A woman throwing a little boy into the pool .,Woman in blue is tossing a young child into a pool .,Woman throws little boy into pool as another boy watches .
img_00207,/app/MCC225/Semana7/data/processed/images/imagen_00207.jpg,A guy skateboarding .,a skateboarder jumps into the air .,A skateboarder performs a stunt .,A young man is jumping in the air with his skateboard .,Skateboard rider jumping high in the air on skateboard .
img_00208,/app/MCC225/Semana7/data/processed/images/imagen_00208.jpg,A child stands near a fence .,A small child touches a wooden fence .,A toddler boy stands by a wooden fence .,A toddler in a white t-shirt is touching the wooden fence .,Blond boy touching wooden wall .
img_00209,/app/MCC225/Semana7/data/processed/images/imagen_00209.jpg,A group of men play soccer on the field .,A man in a red uniform leaps in the air as one in a white uniform tries to kick a ball .,"During a soccer game , one man is in the air while another has one foot down .",The soccer player in white is challenging the player in red for the ball in midair .,"Two soccer teams are playing , one is in white the other in red ."
img_00210,/app/MCC225/Semana7/data/processed/images/imagen_00210.jpg,a dog runs across the grass .,A golden dog is running on the grass .,A tan dog leaping in a grassy field .,Brown dog leaps through field .,The dog is running quickly through the meadow .
img_00211,/app/MCC225/Semana7/data/processed/images/imagen_00211.jpg,A surfer rides the crashing waves while another follows behind .,One man riding a surfboard and one man laying on a surfboard on light waves .,two surfers are riding waves in open water .,Two surfers on riding a small wave .,Two surfers perform tricks in the waves .
img_00212,/app/MCC225/Semana7/data/processed/images/imagen_00212.jpg,A man is sitting on the sidewalk by a tree .,A man sits on a sidewalk .,A man sitting on a curb in a city park .,Little boy sitting on the sidewalk outside .,"through the power lines , a man sits near an unusual shaped tree stump"
img_00213,/app/MCC225/Semana7/data/processed/images/imagen_00213.jpg,A group of men play hockey in a stadium .,A player sits on the bench while watching his teammates play ice hockey .,A referee breaking up a fight during a hockey game .,A referee is intervening in a hockey game .,Four hockey players and a referee on the ice .
img_00214,/app/MCC225/Semana7/data/processed/images/imagen_00214.jpg,A boy in swimming trunks is splashing in a swimming pool .,a boy jumps into the pool .,A boy splashes in a pool with his arms out to catch something .,a young boy jumping to catch something in a pool .,Boy reaches up while in pool .
img_00215,/app/MCC225/Semana7/data/processed/images/imagen_00215.jpg,An artist painting on a small canvas,A woman standing on a lawn painting a picture .,A woman wearing overalls standing at an easel painting a picture .,Girl in blue coverall painting,The lady holds her paintbrush next to the artist 's easel .
img_00216,/app/MCC225/Semana7/data/processed/images/imagen_00216.jpg,a man riding a bike through the forest,A mountain biker rides through a shady trail .,A mountain biker travels along a dirt trail inside a heavily wooded area .,A person biking near trees .,Bicyclist in racing gear rides through forest area .
img_00217,/app/MCC225/Semana7/data/processed/images/imagen_00217.jpg,A brown dog bares its fangs .,A German shepherd on a leash barking up at somebody .,A leashed dog holds its mouth open wide .,"Brown dog barking at something off camera , green background .",The brown and black dog has his mouth open .
img_00218,/app/MCC225/Semana7/data/processed/images/imagen_00218.jpg,A boys jumps into the water upside down .,A child diving headfirst into a lake .,A man is falling backward in swim gear over a large body of water nearby an urban area .,The man is going into the water .,The person is going into the water .
img_00219,/app/MCC225/Semana7/data/processed/images/imagen_00219.jpg,"A man with a white beard , a partially bald man and a woman with short hair posing for a picture",Three people are posing for a camera .,Two bearded men and a woman .,Two men and a woman pose for a picture .,Two men and woman posing together .
img_00220,/app/MCC225/Semana7/data/processed/images/imagen_00220.jpg,Two bandmates in white play guitar .,Two men are playing guitars together,Two men in white play guitars .,Two men in white suits are playing electric guitars .,Two musicians in white suits play guitars while surrounded by associated gear and a red curtain .
img_00221,/app/MCC225/Semana7/data/processed/images/imagen_00221.jpg,"A little girl dances in a grassy field , another girl is in the background .",A little girl in a white blouse and blue pants frolics on the grass .,A little girl in blue panes dances on the grass .,"A small girl standing on one leg in the grass , with another child in the background .",There are two small children playing in a yard .
img_00222,/app/MCC225/Semana7/data/processed/images/imagen_00222.jpg,A lady riding a mini motorcycle,an african-american woman rides her moped .,A woman on a motorcycle is wearing heels .,A woman wearing a black skirt and pumps is riding her white and red moped .,Woman riding a small red and white motorcycle and wearing a matching red helmet and scarf
img_00223,/app/MCC225/Semana7/data/processed/images/imagen_00223.jpg,A man and a boy behind the wheel of a car .,A man drives a truck while a child sits on his lap and steers .,A man drives a vehicle with a child on his lap .,Man and little boy driving a large brown SUV .,There is a man with a small boy on his lap sitting in the drivers seat of a jeep .
img_00224,/app/MCC225/Semana7/data/processed/images/imagen_00224.jpg,A man does technical rock climbing .,A man dressed in all black is climbing down a mountain supported by cords,A man is climbing the side of a cliff .,a man wearing a white helmet is abseiling down a sandy colored rock face .,A rock climber with a white helmet is repelling .
img_00225,/app/MCC225/Semana7/data/processed/images/imagen_00225.jpg,A flock of birds disturbed and in flight in front of a wall that has a mural of three women and a man .,A flock of birds flying past a chinese mural on a building .,A flock of birds fly up from the ground next to a building with a mural .,A group of birds fly up from the street against a painted wall .,Flock of pigeons flying in front of building with a mural painted on it .
img_00226,/app/MCC225/Semana7/data/processed/images/imagen_00226.jpg,a bride being escorted under an umbrella to a large black car,a bride takes cover under an umbrella .,A newly wed wife is under an umbrella held by a pastor .,An older newly wed couple stand under an umbrella in the rain .,Newlyweds stand outside in the train .
img_00227,/app/MCC225/Semana7/data/processed/images/imagen_00227.jpg,A boy in a yellow polo standing in tall grass,A kid hides from the camera in the overgrown bushes .,A little boy standing in very tall green grass .,Boy in striped shirt standing among the tall grasses .,"The little boy in a yellow , striped shirt stands in some tall grass ."
img_00228,/app/MCC225/Semana7/data/processed/images/imagen_00228.jpg,A boy carries a boogieboard on the beach .,A boy is carrying a black body board across the sand .,A boy standing on a beach .,A kid in black carrying a cushion .,A young boy wearing a spider-patterned shirt on the sand .
img_00229,/app/MCC225/Semana7/data/processed/images/imagen_00229.jpg,"A person on what appears to be a surfboard , rides the waves onto shore .",A surfer in the distance is at the base of the wave close to the shore .,A surfer is caught in an incoming wave along a dirty beach nearby mountains .,A surfer rides a wave as it crashes on the beach .,A surfer takes on a high wave beyond a rocky beach .
img_00230,/app/MCC225/Semana7/data/processed/images/imagen_00230.jpg,A woman floats with her face out of water in a pool with another woman nearby posing for the camera .,Two children are smiling for picture being taken of them in a swimming pool .,Two children relaxing by the pool .,Two girls in a swimming pool .,Two smiling children in a swimming pool .
img_00231,/app/MCC225/Semana7/data/processed/images/imagen_00231.jpg,A woman in a yellow coat is standing on a sidewalk .,A woman in a yellow jacket and brown hat stands on a path by a lake .,"A woman wearing a brown hat , sunglasses , jeans , white shoes and a yellow trench coat stand on the sidewalk .",A young woman waits under a sculpture in a park .,Woman with hat staring in the distance at park with sculpture .
img_00232,/app/MCC225/Semana7/data/processed/images/imagen_00232.jpg,a lone woman wearing a bikini on a beach walking a dog on a leash,A woman in a bathing suit walks a dog on the beach .,A woman in a bikini pulls a dog on a leash at the beach .,A woman is standing at the beach with her dog on a leash,A woman walking a dog on a beach .
img_00233,/app/MCC225/Semana7/data/processed/images/imagen_00233.jpg,A brown dog playing with a tennis ball on a beach,A dog playing in the waves with a ball .,A dog plays with a ball at the beach .,A small brown dog plays with a ball on the beach .,Brown dog jumping near water on the beach .
img_00234,/app/MCC225/Semana7/data/processed/images/imagen_00234.jpg,A man with a blue shirt posing with a taller man in sunglasses,A man with glasses and a blue and black striped shirt and another man wearing a brown jacket pose for a picture .,One man in stripes and one in leather pose for the camera in a city .,Two men are standing on a street surrounded by buildings .,Two men wearing eyeglasses standing together .
img_00235,/app/MCC225/Semana7/data/processed/images/imagen_00235.jpg,A bunch of people near a christmas type tree .,A couple hurrying past an urban ice skating park .,Many people are outside watching ice skaters .,People are skating in a outdoor rink around a huge Christmas tree .,People walking by an outdoor ice rink with a tree in the center .
img_00236,/app/MCC225/Semana7/data/processed/images/imagen_00236.jpg,A group of young men sit on rock and look in the distance .,Three guys sitting on rocks looking at the scenery .,Three men sit on rocks in the sand while the man in the red hat and shirt looks out .,Three young men sit on rocks at the top of a mountian .,Two guys sit on rocks while another stands looking in the distance .
img_00237,/app/MCC225/Semana7/data/processed/images/imagen_00237.jpg,Two brown dogs are running on the sand .,Two brown dogs on the sand,Two brown dogs running and playing on a beach .,Two brown dogs running together on sand,Two dogs run on the beach .
img_00238,/app/MCC225/Semana7/data/processed/images/imagen_00238.jpg,A young boy poses behind the netting of an enclosed play area while three other children play .,Children playing in a green and blue bounce house .,Children play in the blue and green jumping tent filled with air .,Four children are playing on a bouncy castle .,The little kids all play and jump around inside the inflatable toy .
img_00239,/app/MCC225/Semana7/data/processed/images/imagen_00239.jpg,Two black dogs in the snow .,Two black dogs jump in the snow .,Two black dogs run in the snow in a field of dry grass .,Two dogs are running and playing in the snow,Two dogs playing in the snow .
